-2.471025288105010986e-02,-4.394617304205894470e-02,-2.794137410819530487e-02,6.954947020858526230e-03,-4.802892729640007019e-02,-5.811927095055580139e-02,-2.314027398824691772e-02,-1.482450403273105621e-02,2.229940518736839294e-02,3.628196939826011658e-02,-5.584697052836418152e-02,1.450516749173402786e-02,-2.783534862101078033e-02,6.218184903264045715e-02,3.267015144228935242e-02,-6.149863451719284058e-02,-1.691483543254435062e-03,5.204305425286293030e-02,-3.524624928832054138e-02,-1.132106035947799683e-02,-2.303181402385234833e-02,-4.949897155165672302e-02,5.974693223834037781e-02,4.190071951597929001e-03,5.185963585972785950e-03,-6.007163971662521362e-02,-9.204071015119552612e-02,4.560348019003868103e-02,-6.392718106508255005e-02,-1.749136112630367279e-02
3.861366584897041321e-02,3.614494204521179199e-02,-1.847528479993343353e-02,6.073673814535140991e-02,4.537530988454818726e-02,3.886272013187408447e-02,-5.260822921991348267e-02,3.728951886296272278e-02,-7.648594211786985397e-03,3.485223278403282166e-02,-5.324511975049972534e-02,4.811298474669456482e-02,-2.438227273523807526e-02,2.667962200939655304e-02,9.037666954100131989e-03,-6.921839714050292969e-02,-7.232914865016937256e-02,-3.176160901784896851e-02,3.010497801005840302e-02,-5.008550360798835754e-02,-6.678663939237594604e-02,-5.356922745704650879e-02,5.457726866006851196e-02,-1.534918509423732758e-02,1.682039909064769745e-02,-3.651162236928939819e-02,6.299774162471294403e-03,2.571611665189266205e-02,-8.249061554670333862e-02,-7.255589962005615234e-02
7.103339768946170807e-03,1.680818968452513218e-04,1.822273619472980499e-02,-1.748086512088775635e-02,3.374511748552322388e-02,-2.516141533851623535e-02,-2.214387245476245880e-02,-6.993116810917854309e-03,9.472883306443691254e-03,1.443286612629890442e-02,6.940046790987253189e-03,-3.433640673756599426e-02,3.299687430262565613e-02,1.681022904813289642e-02,-3.230101987719535828e-02,-4.441568162292242050e-03,-4.387532360851764679e-03,5.446019768714904785e-02,-7.201410364359617233e-03,-4.796466603875160217e-02,2.448713174089789391e-03,-3.497213125228881836e-02,7.087684934958815575e-04,4.704208672046661377e-02,3.131219651550054550e-03,-2.285801433026790619e-02,-7.375765591859817505e-02,-1.264165341854095459e-02,-2.624148316681385040e-02,-6.301858276128768921e-02
-5.180240143090486526e-03,-1.902659423649311066e-02,-2.265163511037826538e-02,6.402537971735000610e-02,9.615974500775337219e-03,3.837753832340240479e-02,-1.274308655411005020e-02,2.697483450174331665e-02,-7.193088065832853317e-03,5.755604803562164307e-02,-5.246895179152488708e-02,3.771340847015380859e-02,3.881689906120300293e-02,-2.644958533346652985e-02,-4.572685807943344116e-03,-6.487331539392471313e-02,-2.851397730410099030e-03,4.076564311981201172e-02,3.061987087130546570e-02,-3.987116739153862000e-02,1.866362430155277252e-02,3.536542877554893494e-02,-1.056436914950609207e-02,4.153648391366004944e-02,-3.614455834031105042e-02,3.993443772196769714e-02,-2.659280598163604736e-02,-3.974923864006996155e-02,-5.003087595105171204e-02,-7.075458019971847534e-02
2.100853994488716125e-02,-5.431921407580375671e-02,-6.545982323586940765e-03,1.767888106405735016e-02,-6.958374381065368652e-02,-3.051310405135154724e-02,9.322658181190490723e-03,5.682442709803581238e-02,-4.800251498818397522e-02,-3.982238844037055969e-02,-1.762571930885314941e-02,2.778374776244163513e-02,2.711111865937709808e-02,2.704348601400852203e-02,4.016161337494850159e-02,-4.968647658824920654e-02,-9.193959087133407593e-02,-9.759241715073585510e-03,6.281862407922744751e-02,1.227825880050659180e-03,6.882032379508018494e-03,3.573833778500556946e-02,5.306320637464523315e-02,-2.193433605134487152e-02,-4.820081871002912521e-03,1.868512295186519623e-02,-7.021269202232360840e-02,-2.943475916981697083e-02,-3.215301036834716797e-02,2.340235002338886261e-02
1.187061797827482224e-02,1.614422537386417389e-02,1.948981918394565582e-02,-3.891273587942123413e-02,-4.727250779978930950e-04,-7.499738596379756927e-03,-3.684185445308685303e-03,2.699247933924198151e-02,-7.582269143313169479e-03,-2.794218249619007111e-02,-3.437930345535278320e-02,5.412785336375236511e-02,5.420757085084915161e-02,-4.516506567597389221e-02,-2.821108140051364899e-02,-4.396589100360870361e-02,-3.132619336247444153e-02,3.144004149362444878e-03,-7.003730279393494129e-04,-1.400864217430353165e-02,-8.452629297971725464e-02,6.551241967827081680e-03,5.175825208425521851e-02,3.820852190256118774e-02,3.195658326148986816e-02,-6.404470652341842651e-02,-3.859581053256988525e-02,7.329662796109914780e-03,-5.404312163591384888e-02,-1.440209243446588516e-02
3.433426097035408020e-02,3.537916392087936401e-02,1.851567998528480530e-02,-5.912187974900007248e-03,-6.414545327425003052e-02,-2.101372927427291870e-02,-5.803630501031875610e-02,3.208638355135917664e-02,2.166020125150680542e-02,2.336067147552967072e-02,-5.830375594086945057e-04,7.037343829870223999e-02,-3.225891292095184326e-02,-4.258369654417037964e-02,3.552190214395523071e-02,2.144264616072177887e-02,3.168438852299004793e-04,-9.377854876220226288e-03,3.289162367582321167e-02,-4.912151396274566650e-02,2.080795541405677795e-02,-4.411273077130317688e-02,3.762954100966453552e-02,6.224546208977699280e-02,1.972400024533271790e-02,-1.979735447093844414e-03,2.472200058400630951e-02,-7.587556727230548859e-03,-2.318843267858028412e-02,-1.192420441657304764e-02
9.747955016791820526e-03,-7.563842460513114929e-03,-1.474749669432640076e-02,4.044487699866294861e-02,-2.061356231570243835e-02,-2.814754098653793335e-02,-1.596354693174362183e-02,-4.023487493395805359e-02,-2.519484236836433411e-02,5.539935082197189331e-02,-1.135372905991971493e-03,3.634939342737197876e-02,7.083397358655929565e-02,-6.198214367032051086e-03,-3.430486842989921570e-02,2.437337301671504974e-02,7.941102609038352966e-03,2.014863537624478340e-03,4.123904928565025330e-02,-2.118330635130405426e-02,2.620049938559532166e-02,2.069438621401786804e-02,5.054314807057380676e-02,8.450093865394592285e-02,-4.357969015836715698e-02,9.377125650644302368e-03,5.485912784934043884e-03,-3.502447158098220825e-03,-8.244440890848636627e-03,-5.163903906941413879e-02
3.294876962900161743e-02,-2.336505055427551270e-02,2.663935907185077667e-02,2.313923276960849762e-02,-4.085407778620719910e-02,-2.875863015651702881e-02,-6.326087564229965210e-02,5.396738648414611816e-02,6.680911872535943985e-03,-2.398339100182056427e-02,-5.812796950340270996e-02,-1.246959157288074493e-02,5.623469129204750061e-02,2.465142635628581047e-03,1.081617455929517746e-02,-2.089359052479267120e-02,-5.547375977039337158e-02,-6.317698210477828979e-02,-6.564166396856307983e-02,8.518347516655921936e-03,7.694358378648757935e-02,8.946094661951065063e-03,4.720534384250640869e-02,-2.001025341451168060e-02,-4.579597339034080505e-02,-4.786293953657150269e-02,-8.095082826912403107e-03,-4.315143823623657227e-02,3.678156808018684387e-02,-3.347606211900711060e-02
-3.738348931074142456e-02,1.632374897599220276e-02,-1.929438672959804535e-02,-1.304371841251850128e-02,-2.996833249926567078e-02,-2.264268137514591217e-02,-6.094840914011001587e-02,-1.829886995255947113e-02,-4.005958139896392822e-02,-2.046974189579486847e-02,-1.992101548239588737e-03,5.476719513535499573e-02,3.448878228664398193e-02,1.578379794955253601e-02,-2.286953531438484788e-05,-4.707410931587219238e-02,-3.282431885600090027e-02,-8.420816063880920410e-02,7.681766990572214127e-03,3.429743647575378418e-02,8.710557222366333008e-02,-1.293499488383531570e-02,6.372752599418163300e-03,-3.002601675689220428e-02,-1.876857248134911060e-03,1.524529978632926941e-02,3.374484181404113770e-02,2.754443511366844177e-02,-6.901466753333806992e-03,5.608085915446281433e-02
4.265134409070014954e-02,1.309431809931993484e-02,-3.074817173182964325e-02,-2.133478224277496338e-02,-2.831660211086273193e-02,5.284866318106651306e-02,-2.266013063490390778e-02,2.978755533695220947e-02,5.740384384989738464e-02,3.176879137754440308e-02,1.556835137307643890e-02,-6.490037776529788971e-03,2.920128405094146729e-03,-9.284503175877034664e-05,-3.769052401185035706e-02,9.313402697443962097e-03,-6.491366028785705566e-02,-2.402373030781745911e-02,-6.110964715480804443e-02,-2.743004821240901947e-02,5.418765172362327576e-02,2.336378023028373718e-02,6.665988825261592865e-03,-4.322085902094841003e-02,-4.563132673501968384e-02,1.547557115554809570e-02,3.857504576444625854e-02,-1.701517961919307709e-02,6.049266085028648376e-02,-1.704826951026916504e-03
6.179454922676086426e-02,1.420475170016288757e-02,6.935892999172210693e-02,3.502237796783447266e-02,3.243067115545272827e-02,-4.440020769834518433e-02,-5.988696590065956116e-02,3.507495624944567680e-03,7.581798732280731201e-02,-5.744991358369588852e-03,-8.746120147407054901e-03,1.698454841971397400e-02,1.184517703950405121e-02,3.486258909106254578e-02,2.525595948100090027e-02,1.534622511826455593e-03,3.511919081211090088e-02,-3.009594418108463287e-02,-2.848129346966743469e-02,5.043106898665428162e-02,-4.847449064254760742e-02,-2.523782663047313690e-02,1.286521786823868752e-03,-4.151686653494834900e-02,2.767725288867950439e-02,9.974281303584575653e-03,-3.619316034018993378e-03,-4.053946584463119507e-02,6.608980894088745117e-02,1.317149493843317032e-02
5.844204500317573547e-02,-7.836272940039634705e-03,-3.122092597186565399e-02,-5.368874873965978622e-03,-3.653467819094657898e-02,5.006639286875724792e-02,-7.557409256696701050e-02,3.898279368877410889e-02,6.212691590189933777e-02,-5.040203221142292023e-03,-3.810086101293563843e-02,1.481483690440654755e-02,5.044582486152648926e-02,2.696372754871845245e-02,1.582599058747291565e-02,1.974952593445777893e-02,-3.803397715091705322e-02,-1.276364433579146862e-03,-2.083832211792469025e-02,-3.306463360786437988e-02,2.578863501548767090e-02,-1.253984030336141586e-02,-1.923689059913158417e-02,-3.392262011766433716e-02,1.995901018381118774e-02,-1.804736256599426270e-02,-5.149546638131141663e-02,-1.945228502154350281e-02,2.184551768004894257e-02,-5.697930976748466492e-02
1.029924303293228149e-02,5.955320969223976135e-02,8.006160706281661987e-02,1.314044557511806488e-02,-2.696261554956436157e-02,-3.285298869013786316e-02,2.061454206705093384e-02,-6.189685687422752380e-02,-3.556375578045845032e-02,-5.614537000656127930e-02,-1.189372036606073380e-02,2.038541436195373535e-02,2.836236171424388885e-02,5.439503118395805359e-02,5.598967894911766052e-02,1.472259219735860825e-02,-2.486195042729377747e-02,-1.210913062095642090e-02,-7.123053539544343948e-03,8.166964165866374969e-03,-5.853961687535047531e-03,-5.919763818383216858e-02,6.519511342048645020e-03,2.282222965732216835e-03,5.535369738936424255e-02,-3.361700847744941711e-02,-9.425422176718711853e-03,-1.547801028937101364e-02,-8.613926358520984650e-03,5.611220002174377441e-02
1.790044270455837250e-02,6.501542776823043823e-02,-2.506449632346630096e-02,-1.471276953816413879e-02,-2.188091352581977844e-02,-3.795263171195983887e-02,-6.697088479995727539e-02,-5.097021535038948059e-02,1.195224933326244354e-02,-1.259545888751745224e-02,-4.418067261576652527e-02,1.867311820387840271e-02,4.798059910535812378e-02,7.635249942541122437e-02,3.494784235954284668e-02,7.568418513983488083e-03,1.727754808962345123e-02,1.835038326680660248e-02,1.425883639603853226e-02,-1.926934532821178436e-02,5.328977108001708984e-02,-5.342332646250724792e-02,-2.802554890513420105e-02,-3.496314212679862976e-02,6.334339827299118042e-02,1.796454004943370819e-02,-2.673534676432609558e-03,-2.894587256014347076e-02,-9.434535168111324310e-03,6.116494163870811462e-02
-2.495210617780685425e-02,1.088709104806184769e-02,-2.842481061816215515e-02,4.681454226374626160e-02,-1.028414408210664988e-04,-1.872461475431919098e-02,2.580420114099979401e-03,-7.537667639553546906e-03,-1.220317278057336807e-02,1.803252473473548889e-02,1.396937761455774307e-02,-2.088499953970313072e-03,-2.268961444497108459e-02,-6.469708867371082306e-03,-2.718275785446166992e-02,3.506666049361228943e-02,-1.418634969741106033e-02,4.977379366755485535e-02,-7.960508018732070923e-02,-5.742487311363220215e-02,-3.293364075943827629e-03,-3.517850115895271301e-02,3.644409822300076485e-03,-3.514289855957031250e-02,-1.194038707762956619e-02,4.362352937459945679e-02,-1.236029807478189468e-02,2.711208350956439972e-02,4.757679626345634460e-02,5.874337255954742432e-02
2.544471435248851776e-02,2.372779510915279388e-02,4.681605100631713867e-02,2.700651250779628754e-02,4.953731596469879150e-02,1.293390989303588867e-02,-2.690132148563861847e-02,1.144258957356214523e-02,-3.486296534538269043e-02,-1.264297589659690857e-02,-4.923093691468238831e-02,2.977119199931621552e-02,-1.261868607252836227e-02,5.933615937829017639e-02,1.252855546772480011e-02,2.654164843261241913e-02,5.301974713802337646e-02,6.597994267940521240e-02,1.588122360408306122e-02,-2.722748741507530212e-02,6.120590958744287491e-03,-5.017005279660224915e-02,3.914809226989746094e-02,5.966892931610345840e-03,-4.039833694696426392e-02,4.672031477093696594e-02,-1.484284177422523499e-02,-2.128863334655761719e-02,-1.076841633766889572e-02,-2.151212096214294434e-02
2.054616063833236694e-02,6.961962790228426456e-04,1.965748146176338196e-02,8.531208336353302002e-02,5.694713816046714783e-02,1.385153736919164658e-03,-2.858160762116312981e-03,-4.173721373081207275e-02,6.997315585613250732e-02,4.452741518616676331e-02,1.281493436545133591e-02,-5.714702606201171875e-02,-3.873577574267983437e-03,4.964967072010040283e-02,-4.633001610636711121e-02,-6.222655624151229858e-02,2.582114934921264648e-02,9.474924206733703613e-02,-4.603967443108558655e-02,-6.449712067842483521e-02,-3.137724474072456360e-02,1.520177349448204041e-03,-2.912358846515417099e-03,7.235432509332895279e-03,-2.404540032148361206e-02,4.248327016830444336e-02,3.836404159665107727e-02,-5.631588026881217957e-02,3.314245492219924927e-03,-2.971049584448337555e-02
2.571023814380168915e-02,3.080551885068416595e-02,1.408800715580582619e-03,4.079017788171768188e-02,-4.254069551825523376e-02,3.168762847781181335e-02,1.077061146497726440e-02,1.114600803703069687e-02,-4.038530960679054260e-02,2.189428545534610748e-02,-1.318299770355224609e-02,-2.405736967921257019e-02,1.179141271859407425e-02,-2.346197143197059631e-02,-1.167928613722324371e-02,-5.104993656277656555e-02,1.035593077540397644e-02,1.025561690330505371e-01,4.033135192003101110e-04,-6.768471747636795044e-02,-6.481318175792694092e-02,-1.257055811583995819e-02,1.554714888334274292e-02,3.891821950674057007e-02,-2.428516559302806854e-02,1.987125724554061890e-02,-3.922696691006422043e-03,2.446774579584598541e-02,-5.306489393115043640e-02,-6.303528696298599243e-02
-7.150109112262725830e-02,5.091184750199317932e-02,-6.479188799858093262e-02,3.377414494752883911e-02,5.994922295212745667e-02,-4.015496000647544861e-03,-3.772179037332534790e-02,-2.341606840491294861e-02,2.648708410561084747e-02,3.408335149288177490e-03,2.392113581299781799e-02,-5.796328559517860413e-02,3.483731299638748169e-02,-1.766023039817810059e-02,3.231063485145568848e-02,2.246425300836563110e-02,2.558075822889804840e-03,6.788059324026107788e-02,3.384908661246299744e-02,-2.014181949198246002e-02,4.988032160326838493e-04,-1.188129838556051254e-02,-3.959188610315322876e-02,-1.559815369546413422e-02,6.572803854942321777e-02,3.018576465547084808e-02,-3.763363510370254517e-02,-6.281567364931106567e-02,4.694428760558366776e-03,2.951389178633689880e-02
8.480092510581016541e-03,-2.056236565113067627e-02,-1.845395192503929138e-02,7.592621445655822754e-02,1.267750514671206474e-03,-3.787609515711665154e-03,1.769279688596725464e-02,5.806811898946762085e-02,-2.646771958097815514e-03,-2.875737287104129791e-02,-3.384998813271522522e-02,-6.147949770092964172e-02,9.624444879591464996e-03,2.368823066353797913e-02,3.354949876666069031e-02,-2.915268950164318085e-02,4.801117628812789917e-02,1.719560660421848297e-02,-4.976562038064002991e-02,-3.101145476102828979e-02,-4.344175383448600769e-02,4.356854408979415894e-02,1.279408019036054611e-02,2.683057822287082672e-02,4.722056537866592407e-02,-4.230759292840957642e-02,2.760084532201290131e-02,-7.287937216460704803e-03,1.804844103753566742e-02,3.296088054776191711e-02
-4.285961389541625977e-02,-9.797213599085807800e-03,-4.756574705243110657e-02,5.007904022932052612e-02,2.721911296248435974e-02,-2.263139374554157257e-02,1.828401349484920502e-02,7.381451129913330078e-02,-2.737626060843467712e-02,-5.107223242521286011e-02,-5.010140314698219299e-02,-2.458359347656369209e-03,-3.538163378834724426e-02,6.886302679777145386e-02,-5.568098276853561401e-02,-6.087938323616981506e-02,3.058620356023311615e-02,5.270109698176383972e-02,-3.689344599843025208e-02,-4.466311261057853699e-02,-6.487602740526199341e-02,3.880199044942855835e-03,2.694935165345668793e-02,3.494255244731903076e-02,9.297581389546394348e-03,-2.553242631256580353e-02,4.542865604162216187e-02,1.137545611709356308e-02,6.158157438039779663e-02,6.588841322809457779e-03
-2.649533748626708984e-02,6.348072737455368042e-02,-1.372362207621335983e-02,-1.083787064999341965e-02,2.876939484849572182e-03,2.343791857128962874e-04,-4.625000804662704468e-02,2.094100974500179291e-02,1.857262291014194489e-02,-4.655013792216777802e-03,-4.285674914717674255e-02,-6.310293823480606079e-02,-3.136879205703735352e-02,5.899340659379959106e-02,-4.873085394501686096e-02,-3.058912977576255798e-02,-1.212342735379934311e-02,4.674115031957626343e-02,4.849083349108695984e-02,-2.175199985504150391e-02,3.377891704440116882e-02,-1.794927939772605896e-02,-2.009411342442035675e-02,-1.712146960198879242e-02,6.046234630048274994e-03,-4.583742842078208923e-02,8.277750574052333832e-03,-5.283605773001909256e-03,7.707072421908378601e-03,-5.123645067214965820e-02
-4.773828014731407166e-02,4.083771631121635437e-02,-5.159728601574897766e-02,-9.480973705649375916e-03,2.673767693340778351e-02,-6.314394623041152954e-02,1.117209624499082565e-02,4.707715287804603577e-02,-3.318773955106735229e-02,-3.701725602149963379e-02,3.854334354400634766e-02,-6.076734513044357300e-02,-3.362950682640075684e-02,5.272599682211875916e-02,-4.081928357481956482e-02,-3.813368827104568481e-02,-9.017390199005603790e-03,1.923543401062488556e-02,3.743750229477882385e-02,3.865355253219604492e-02,-5.898160114884376526e-02,8.532405830919742584e-03,-1.345572341233491898e-02,-9.505021385848522186e-03,-1.816783659160137177e-02,-2.931968122720718384e-02,2.509538829326629639e-02,-1.819739234633743763e-03,5.474097281694412231e-02,-1.006016880273818970e-02
4.808671772480010986e-03,2.904719114303588867e-02,1.806135103106498718e-02,-3.420123085379600525e-02,2.965913387015461922e-03,1.937043666839599609e-02,-1.990077830851078033e-02,4.649515822529792786e-02,5.550687015056610107e-02,-3.300055116415023804e-02,3.949320688843727112e-02,-4.505191370844841003e-02,2.871639467775821686e-02,-2.357018180191516876e-02,1.752192527055740356e-02,-4.639920219779014587e-02,1.164082624018192291e-02,-3.049474768340587616e-02,4.397015273571014404e-02,2.798558399081230164e-02,-1.458954531699419022e-02,1.668209955096244812e-02,3.281537070870399475e-02,6.131159886717796326e-02,-4.252568259835243225e-02,-4.719962552189826965e-02,4.704539477825164795e-02,-5.341832339763641357e-02,5.548253282904624939e-02,4.756911098957061768e-02
-5.597560666501522064e-03,2.935712970793247223e-02,7.389806210994720459e-02,-2.558689750730991364e-02,-3.220587270334362984e-03,-9.105891920626163483e-03,-4.101742058992385864e-03,7.336885202676057816e-03,3.583685308694839478e-02,-7.109514623880386353e-02,2.560534328222274780e-02,1.139656640589237213e-02,3.767779096961021423e-02,-2.635042369365692139e-02,-1.596557721495628357e-02,-2.610868774354457855e-03,-3.937811404466629028e-02,3.096237219870090485e-02,4.191847518086433411e-02,9.942791424691677094e-03,4.800492897629737854e-03,-1.571829617023468018e-02,-1.275590807199478149e-02,-4.947065375745296478e-03,-2.435843460261821747e-02,3.438227996230125427e-02,7.175616919994354248e-02,-4.530755057930946350e-02,-2.810034528374671936e-02,1.077424082905054092e-02
-5.051717907190322876e-02,-2.606294117867946625e-02,5.148451030254364014e-02,-4.051451757550239563e-02,-3.013219917193055153e-03,1.633237861096858978e-02,2.797606214880943298e-02,3.201200067996978760e-02,-1.350445207208395004e-02,-3.967654425650835037e-03,9.616735391318798065e-03,2.063206583261489868e-02,9.376100264489650726e-03,-4.496831446886062622e-03,7.694818079471588135e-03,-2.379408106207847595e-03,-1.655440032482147217e-02,-4.341620951890945435e-02,4.162206873297691345e-02,2.830256149172782898e-02,-1.612966298125684261e-03,1.532914862036705017e-02,-2.996587380766868591e-02,-3.978065028786659241e-02,-4.121923074126243591e-02,-3.296939656138420105e-02,1.763170212507247925e-02,-6.146442145109176636e-02,2.721293084323406219e-02,1.204783283174037933e-02
-5.627204105257987976e-02,2.209001779556274414e-02,8.200381696224212646e-02,-4.524058476090431213e-02,4.593625292181968689e-02,-6.098242849111557007e-02,-6.471794564276933670e-03,-5.073665827512741089e-02,1.852325722575187683e-02,-2.549590542912483215e-02,-3.036396950483322144e-02,3.355295956134796143e-02,1.763611449860036373e-03,-3.178817406296730042e-02,-6.196922436356544495e-02,-7.707591168582439423e-03,-4.106220230460166931e-02,2.751359716057777405e-02,2.578230015933513641e-02,-2.654685452580451965e-02,-4.811154305934906006e-02,5.878319218754768372e-02,-4.037439450621604919e-02,-4.522404074668884277e-02,-2.908871276304125786e-03,5.840312317013740540e-02,-3.107820078730583191e-02,-1.096248906105756760e-02,-1.691697724163532257e-02,5.771807208657264709e-02
1.830618456006050110e-02,1.976546831429004669e-02,-1.345460861921310425e-02,-4.958923161029815674e-02,-2.373374067246913910e-02,1.655107131227850914e-03,-3.187112743034958839e-03,-1.133449468761682510e-02,1.254539750516414642e-02,-3.781998902559280396e-02,4.523547831922769547e-03,9.559271857142448425e-03,-4.842204228043556213e-02,2.825982682406902313e-02,-4.750014841556549072e-02,2.932495810091495514e-02,5.288934707641601562e-02,-3.159822151064872742e-02,5.695446953177452087e-02,-3.539940342307090759e-02,-6.858548615127801895e-03,4.615968838334083557e-02,-5.513306334614753723e-02,-1.177386287599802017e-02,7.074517756700515747e-02,-3.583569452166557312e-02,4.719657450914382935e-02,5.081809312105178833e-02,2.318023703992366791e-03,4.612212255597114563e-02
4.306474700570106506e-02,-5.379804596304893494e-02,1.378211099654436111e-02,-4.391247406601905823e-02,-3.653427585959434509e-02,-1.377851143479347229e-02,3.930476680397987366e-02,1.675549335777759552e-02,2.345136366784572601e-02,3.478018939495086670e-02,6.683581508696079254e-03,5.736931785941123962e-02,-5.635068193078041077e-02,-1.097435131669044495e-02,-2.636414766311645508e-02,4.394264519214630127e-02,1.206377893686294556e-02,-1.655603386461734772e-02,5.083637312054634094e-02,-4.797891248017549515e-03,2.562141045928001404e-02,5.336409900337457657e-03,-3.212344599887728691e-03,-2.782730758190155029e-02,-2.410938497632741928e-03,1.239399425685405731e-02,4.102473706007003784e-02,5.633143335580825806e-02,1.842090114951133728e-02,-2.358639612793922424e-02
-1.606005057692527771e-02,-1.577515341341495514e-02,-4.352140240371227264e-05,-6.503680348396301270e-02,-5.567088723182678223e-03,-2.202299609780311584e-02,-1.049246545881032944e-02,-8.872200734913349152e-03,1.468310784548521042e-02,1.984969712793827057e-02,-3.683985397219657898e-02,1.312301610596477985e-03,-5.103820189833641052e-02,-4.154661670327186584e-03,-3.129585459828376770e-02,-4.931293427944183350e-03,9.339665994048118591e-03,2.794890850782394409e-02,-1.581658725626766682e-03,-6.220404803752899170e-02,4.188786074519157410e-02,2.684886753559112549e-02,-3.757049515843391418e-02,-2.401074161753058434e-03,3.345730155706405640e-02,-1.354714389890432358e-02,-1.477573253214359283e-02,4.745734483003616333e-02,-4.175455775111913681e-03,3.515836969017982483e-02
-4.830279573798179626e-02,-7.299790531396865845e-02,-2.487041801214218140e-02,-4.166392609477043152e-02,1.745603792369365692e-02,-4.489059001207351685e-02,4.887891933321952820e-02,-4.066207632422447205e-02,-4.028635099530220032e-02,-2.688638307154178619e-02,-5.355235561728477478e-02,-3.224622085690498352e-02,5.597255192697048187e-03,1.106869988143444061e-02,1.207275688648223877e-02,2.834410220384597778e-02,2.394700981676578522e-02,1.701309345662593842e-02,2.233832143247127533e-02,-3.757791593670845032e-02,-4.438363388180732727e-02,-4.351771250367164612e-02,1.516671106219291687e-02,1.875920221209526062e-02,-4.247211664915084839e-02,7.773292064666748047e-02,4.963573813438415527e-02,-3.059908933937549591e-02,-3.317374270409345627e-03,7.717113476246595383e-03
-1.873365044593811035e-02,-6.936923414468765259e-02,2.494784537702798843e-03,-2.488376572728157043e-02,-2.198064513504505157e-02,-5.791311711072921753e-02,2.821902371942996979e-02,-1.397010125219821930e-02,3.108537383377552032e-02,5.576318502426147461e-02,2.190477401018142700e-02,3.714275662787258625e-04,7.606505416333675385e-03,-3.574472293257713318e-02,7.606273144483566284e-02,-5.204983800649642944e-02,-3.084121458232402802e-02,6.781213916838169098e-03,2.465205267071723938e-02,2.414503134787082672e-02,2.794612385332584381e-02,7.497457414865493774e-02,2.268803492188453674e-02,7.577151991426944733e-03,-2.628290466964244843e-02,2.958532795310020447e-02,1.574305072426795959e-02,-3.094077808782458305e-03,-3.534420579671859741e-02,3.111035376787185669e-02
5.372650921344757080e-03,-4.961119964718818665e-02,3.529024124145507812e-02,1.372628565877676010e-02,4.662702605128288269e-02,-7.364905439317226410e-03,7.322359830141067505e-02,-5.434893071651458740e-02,-6.576595455408096313e-02,-6.244305521249771118e-03,-1.267102546989917755e-02,3.488298505544662476e-02,8.740982040762901306e-03,8.901451714336872101e-03,-2.201101928949356079e-02,2.945638261735439301e-03,3.108444623649120331e-02,1.653017289936542511e-02,-3.732049465179443359e-02,-4.404667019844055176e-02,-1.303151808679103851e-02,8.072321116924285889e-02,1.432362757623195648e-02,-3.508326411247253418e-02,2.404106408357620239e-02,-1.587021909654140472e-02,1.883019879460334778e-02,5.211685970425605774e-02,-4.172452911734580994e-02,-1.736604794859886169e-02
-4.546101391315460205e-02,-6.709475535899400711e-03,-6.597729027271270752e-02,-3.949171677231788635e-02,-2.774393185973167419e-02,3.624070808291435242e-02,2.223173715174198151e-02,-1.978464238345623016e-02,-1.965643838047981262e-02,-5.691529251635074615e-03,-3.433424979448318481e-02,3.457667306065559387e-03,-5.703033879399299622e-02,-1.576581969857215881e-02,-4.620952997356653214e-03,-1.611644215881824493e-02,-4.719912633299827576e-02,3.158985823392868042e-02,-5.973652005195617676e-03,-3.333109896630048752e-03,-1.250494923442602158e-02,8.866070769727230072e-03,1.749473251402378082e-02,-3.932941332459449768e-02,3.818247839808464050e-02,-2.445250935852527618e-02,8.753178641200065613e-03,3.346024081110954285e-02,-4.861286282539367676e-02,2.076406776905059814e-02
-4.695398360490798950e-02,-3.963293507695198059e-02,3.649942204356193542e-02,-3.352778777480125427e-02,3.115977160632610321e-02,-4.990569874644279480e-02,7.578088343143463135e-02,3.998208791017532349e-02,1.097396761178970337e-02,1.243232004344463348e-02,-1.612107828259468079e-02,3.779721679165959358e-03,-2.427801676094532013e-02,-4.653951525688171387e-02,-3.213383257389068604e-03,-2.024144865572452545e-02,4.415724053978919983e-02,4.024860262870788574e-02,-2.160880714654922485e-02,3.436147421598434448e-02,2.001233398914337158e-02,-2.247730828821659088e-02,1.121989078819751740e-02,5.507732927799224854e-02,-7.328504580073058605e-04,3.402542322874069214e-02,-1.445752475410699844e-02,1.715873833745718002e-03,5.642398260533809662e-03,-3.837341815233230591e-02
9.797004051506519318e-03,-7.316074520349502563e-02,-3.249251469969749451e-02,-5.728561058640480042e-02,-3.731054067611694336e-02,-1.841217651963233948e-02,4.142503440380096436e-02,1.719156466424465179e-02,-1.589635945856571198e-02,3.025033138692378998e-02,-2.998759783804416656e-02,-3.531915321946144104e-02,2.047398686408996582e-02,-3.117369487881660461e-02,3.521285951137542725e-03,6.103768479079008102e-03,-2.940448746085166931e-02,1.286836247891187668e-02,-8.630814403295516968e-02,-2.612731978297233582e-02,-2.144394442439079285e-03,6.571760168299078941e-04,4.974809288978576660e-02,-5.166542902588844299e-02,-5.879166349768638611e-02,-3.863108158111572266e-02,2.313063852488994598e-02,1.611147820949554443e-02,-1.948633976280689240e-02,-2.702343277633190155e-02
-3.859342634677886963e-02,5.547355860471725464e-03,2.608983777463436127e-02,3.184011206030845642e-02,6.475318223237991333e-03,-2.657865174114704132e-02,1.389703340828418732e-02,-5.747132468968629837e-03,3.745391964912414551e-02,5.078970640897750854e-02,4.952850937843322754e-02,-7.635151594877243042e-02,-2.901533991098403931e-02,-6.001115590333938599e-02,-2.336734905838966370e-03,-1.699683628976345062e-02,5.666336417198181152e-02,1.085051335394382477e-02,-4.971435666084289551e-02,-5.025776103138923645e-03,-5.723371356725692749e-02,-1.074812281876802444e-02,1.314491126686334610e-02,1.655512675642967224e-02,-4.950767010450363159e-02,-2.989410981535911560e-02,-6.656480953097343445e-03,4.559386149048805237e-02,-2.059105038642883301e-02,-4.191036522388458252e-02
-2.035740576684474945e-02,-5.982113629579544067e-02,-2.281585521996021271e-02,3.554598242044448853e-02,6.645663082599639893e-02,-1.085332874208688736e-02,3.849195316433906555e-02,6.946942885406315327e-04,-5.552913993597030640e-02,-8.785408921539783478e-03,7.250645756721496582e-02,-5.862070247530937195e-03,4.284016415476799011e-02,-7.014380395412445068e-02,1.337902154773473740e-02,-4.761445149779319763e-02,7.731329533271491528e-04,-2.033715695142745972e-02,1.202203240245580673e-02,1.504815462976694107e-02,-4.371946561150252819e-04,6.525399535894393921e-02,1.262216828763484955e-02,2.484411373734474182e-02,3.342260792851448059e-02,3.930711746215820312e-02,-3.533788025379180908e-03,-4.391624033451080322e-02,-1.593888364732265472e-02,-6.630738079547882080e-02
-2.938746288418769836e-02,-1.665773056447505951e-02,6.162654235959053040e-02,3.538832440972328186e-02,2.502215653657913208e-02,3.109332919120788574e-02,2.194579131901264191e-02,-6.224538665264844894e-03,8.214339613914489746e-03,5.790361016988754272e-02,2.649881318211555481e-02,-1.570231094956398010e-02,-1.066629868000745773e-02,-4.669828712940216064e-02,-4.266669228672981262e-02,-4.331290721893310547e-02,6.174795702099800110e-02,-3.579303249716758728e-02,1.398549764417111874e-03,-1.920311897993087769e-02,-1.306880172342061996e-02,1.296322047710418701e-02,-3.378260508179664612e-02,-6.189527362585067749e-02,7.754889875650405884e-02,-5.837266892194747925e-02,-3.496942669153213501e-02,-3.168358281254768372e-02,-1.042542792856693268e-02,-2.927119098603725433e-02
-4.001241922378540039e-02,8.991753566078841686e-05,-6.726499181240797043e-03,-4.806095361709594727e-02,2.810426801443099976e-02,5.142690986394882202e-02,3.679973259568214417e-02,-1.046948228031396866e-02,-1.989763416349887848e-02,4.921382293105125427e-03,-2.506752125918865204e-02,-1.893074437975883484e-02,3.176074102520942688e-02,-6.166620180010795593e-02,2.990761771798133850e-02,-2.999944426119327545e-02,-3.430397063493728638e-02,-1.683196239173412323e-02,-7.941519469022750854e-02,-1.967685483396053314e-02,3.453355655074119568e-02,4.644926264882087708e-02,1.652277191169559956e-03,1.666957139968872070e-02,-3.272762149572372437e-02,4.452978447079658508e-02,1.794244907796382904e-02,1.767467893660068512e-02,1.875107362866401672e-02,1.459380704909563065e-02
2.513939514756202698e-02,-1.664212159812450409e-02,-1.351132243871688843e-02,-1.465839915908873081e-03,4.818052402697503567e-04,3.841239959001541138e-02,2.891462855041027069e-02,1.820896565914154053e-02,4.620887711644172668e-02,-7.700291462242603302e-03,-3.937731031328439713e-03,-1.441583223640918732e-02,4.655230790376663208e-03,-2.664243616163730621e-02,-3.752709925174713135e-02,-5.616375431418418884e-02,-2.097154594957828522e-02,-1.484300568699836731e-02,1.634244620800018311e-02,2.462075836956501007e-02,4.559865966439247131e-02,-3.399787470698356628e-02,2.844731882214546204e-02,3.807244449853897095e-02,1.345493551343679428e-02,4.352007992565631866e-03,-2.266811765730381012e-02,-2.217189781367778778e-02,3.611510852351784706e-03,1.898325607180595398e-02
4.622877761721611023e-02,-9.278074838221073151e-03,2.224591374397277832e-02,5.092354118824005127e-02,1.187051925808191299e-02,3.304838016629219055e-02,-6.135997921228408813e-02,-4.455384239554405212e-02,4.191639646887779236e-02,-1.582466624677181244e-02,-4.988270252943038940e-02,-1.372335199266672134e-02,3.969570994377136230e-02,-5.080834496766328812e-03,2.600354701280593872e-02,6.382777355611324310e-03,2.546557039022445679e-02,1.204167027026414871e-02,5.707260221242904663e-02,-2.006407303269952536e-04,3.218909353017807007e-02,-1.782671362161636353e-02,3.383164480328559875e-02,4.190083593130111694e-02,5.457879975438117981e-02,4.651052504777908325e-02,1.242804154753684998e-02,4.492811113595962524e-02,-4.215405136346817017e-02,-8.637266233563423157e-03
-1.699781045317649841e-02,2.016688697040081024e-02,2.139219781383872032e-03,5.977377761155366898e-03,-1.047780271619558334e-02,-3.802417591214179993e-02,5.029056221246719360e-02,-3.490748256444931030e-02,2.154587581753730774e-02,-3.357979282736778259e-02,5.186374112963676453e-02,9.660564363002777100e-03,3.243615850806236267e-02,3.414133563637733459e-02,5.845475196838378906e-02,1.920965127646923065e-02,6.260877847671508789e-02,-4.698246717453002930e-02,3.045669198036193848e-02,3.132036654278635979e-03,-1.050246506929397583e-02,8.865412324666976929e-03,2.585556125268340111e-03,-4.504051059484481812e-03,4.346317797899246216e-02,1.038393564522266388e-02,1.456142286770045757e-03,3.248199820518493652e-02,-2.172105200588703156e-02,8.059048093855381012e-03
-2.124564349651336670e-02,1.074128504842519760e-02,-9.439465589821338654e-03,-4.544215276837348938e-02,3.702431917190551758e-02,-5.044111981987953186e-02,3.503823280334472656e-02,-7.105524092912673950e-02,-5.134079977869987488e-02,-3.704142756760120392e-03,-3.847037628293037415e-02,-3.701627999544143677e-02,-2.597097307443618774e-02,-2.054237201809883118e-02,-5.119001120328903198e-02,-3.229060675948858261e-03,-5.557244271039962769e-02,-5.094421654939651489e-02,3.256014082580804825e-03,-6.161632481962442398e-03,8.393632620573043823e-02,-1.971309445798397064e-02,-2.593951486051082611e-02,-3.756650909781455994e-02,-3.937900438904762268e-02,-3.069833852350711823e-02,2.549618482589721680e-02,6.509073823690414429e-02,3.025889955461025238e-02,-4.250809177756309509e-02
-8.123963326215744019e-02,1.773567683994770050e-02,6.835430115461349487e-02,-1.385130640119314194e-02,5.921407416462898254e-02,-2.656990662217140198e-02,7.763334363698959351e-02,-1.004950981587171555e-02,-6.577311456203460693e-02,-1.677568815648555756e-02,-5.504759028553962708e-02,5.894540250301361084e-02,-4.304366931319236755e-02,-1.676054089330136776e-03,1.260703988373279572e-02,-4.237902909517288208e-02,4.917663708329200745e-02,-7.219027727842330933e-02,5.528840050101280212e-02,6.116910651326179504e-02,-1.698921062052249908e-02,3.656659973785281181e-04,-2.856342308223247528e-02,5.249321460723876953e-02,-6.069133058190345764e-02,-2.310640551149845123e-02,2.778307534754276276e-02,-1.459882315248250961e-02,-2.233993448317050934e-02,-2.538313390687108040e-03
1.325222756713628769e-02,7.253743708133697510e-02,2.350907074287533760e-03,3.373953327536582947e-02,-2.157367579638957977e-02,4.497360810637474060e-02,4.694496095180511475e-02,-3.702560067176818848e-02,-1.890357397496700287e-02,4.025048762559890747e-02,3.386537730693817139e-02,-1.576370443217456341e-03,-3.760598972439765930e-02,-3.352852910757064819e-02,5.942506715655326843e-02,-4.821951687335968018e-02,3.169954195618629456e-02,-9.448811411857604980e-03,4.270222783088684082e-02,5.117175728082656860e-02,4.358744993805885315e-02,-6.114936992526054382e-02,-3.316775709390640259e-02,3.120568580925464630e-02,-5.983550800010561943e-04,-3.744405880570411682e-02,4.161540791392326355e-02,-1.529671717435121536e-02,-1.244374178349971771e-02,7.955378852784633636e-03
-1.930302754044532776e-02,-1.377290952950716019e-02,-6.528199464082717896e-02,-6.797366775572299957e-03,5.366028472781181335e-02,-1.062377821654081345e-02,-2.144983969628810883e-02,5.274210870265960693e-02,4.227136820554733276e-02,2.322698198258876801e-02,2.500851266086101532e-02,7.157169282436370850e-02,4.181689023971557617e-02,-1.791195198893547058e-02,7.702851295471191406e-02,-2.793792262673377991e-02,-2.215833775699138641e-02,1.072740368545055389e-02,1.720415614545345306e-02,5.600792542099952698e-02,1.840718276798725128e-02,-3.227531164884567261e-02,1.659596338868141174e-02,-5.505600944161415100e-03,-6.545773241668939590e-03,-8.317726664245128632e-03,2.042872086167335510e-02,-3.172627463936805725e-02,1.180196460336446762e-02,3.678181394934654236e-02
-2.237615734338760376e-02,-2.021475881338119507e-02,1.454805210232734680e-02,3.620000090450048447e-03,4.120902344584465027e-02,2.020820975303649902e-02,3.359795361757278442e-02,-2.826621383428573608e-02,-5.601426959037780762e-02,5.905874073505401611e-02,5.197050794959068298e-02,3.756702644750475883e-03,2.225906774401664734e-02,1.071946881711483002e-02,6.864538043737411499e-02,-2.875578962266445160e-02,5.922083556652069092e-02,3.656342253088951111e-02,-3.881945461034774780e-02,2.213507518172264099e-02,-1.045273337513208389e-02,-1.820162869989871979e-02,1.603968441486358643e-02,3.905190899968147278e-02,2.308250404894351959e-02,-1.899699121713638306e-02,2.982625178992748260e-02,-4.653983563184738159e-02,3.499039262533187866e-02,-3.122851066291332245e-02
2.395365945994853973e-02,-3.118208050727844238e-02,6.554797757416963577e-03,2.622401528060436249e-02,-3.470581024885177612e-02,-1.485506724566221237e-02,-4.613752011209726334e-03,4.355934262275695801e-02,-2.667541988193988800e-02,3.367001935839653015e-02,-2.438061125576496124e-02,6.506610661745071411e-02,-2.225393243134021759e-02,-5.813902243971824646e-02,-5.560188554227352142e-03,1.817369088530540466e-02,7.218313962221145630e-02,1.256955321878194809e-02,3.318574652075767517e-02,6.432177126407623291e-02,-6.196507439017295837e-02,-4.269626457244157791e-03,4.645805433392524719e-02,3.210392594337463379e-02,5.415960773825645447e-02,-8.141219150274991989e-04,-6.301731802523136139e-03,-4.884770512580871582e-02,2.847686968743801117e-02,3.212958201766014099e-02
2.961618639528751373e-02,-3.857687488198280334e-02,-5.172685161232948303e-02,1.830557733774185181e-02,2.131234621629118919e-03,6.723422557115554810e-02,-1.853327825665473938e-02,4.077954590320587158e-02,-2.611601725220680237e-02,7.427256554365158081e-02,-4.621079191565513611e-02,6.606686860322952271e-02,3.255032002925872803e-02,-4.275161772966384888e-02,2.016446366906166077e-02,-4.547057673335075378e-02,5.976398289203643799e-02,-8.184123039245605469e-02,-3.538653254508972168e-02,2.836350910365581512e-02,1.690660044550895691e-02,-5.173581466078758240e-02,5.697625875473022461e-02,-3.266527131199836731e-02,4.240868613123893738e-03,-5.931986868381500244e-02,-2.634332701563835144e-02,1.934263296425342560e-02,7.183518260717391968e-03,3.845386207103729248e-02
7.302086800336837769e-02,1.017465069890022278e-02,2.772921882569789886e-02,-1.195737347006797791e-02,-5.958614870905876160e-03,6.044437363743782043e-02,-2.589374966919422150e-02,5.640752241015434265e-02,-3.342528641223907471e-02,-3.211923758499324322e-04,-2.112665213644504547e-02,2.051267214119434357e-02,1.593008264899253845e-02,-2.909544855356216431e-02,6.185092031955718994e-02,-2.610563114285469055e-02,3.239622712135314941e-02,-7.371447049081325531e-03,1.685855910181999207e-02,-1.088109984993934631e-02,-8.544649928808212280e-03,-3.240203857421875000e-02,-3.759156540036201477e-02,8.592996746301651001e-03,-5.578299611806869507e-02,-2.833689562976360321e-03,3.763768821954727173e-02,1.620831340551376343e-02,6.073512136936187744e-02,-2.270722202956676483e-02
-3.913840651512145996e-02,1.306696329265832901e-02,-6.048799026757478714e-03,-6.976067088544368744e-03,-1.446015201508998871e-02,-4.346798360347747803e-02,-3.965137898921966553e-02,8.585226722061634064e-03,-1.926811784505844116e-02,4.999062977731227875e-03,4.955134540796279907e-02,2.406616695225238800e-02,2.300915867090225220e-02,2.219622582197189331e-02,-5.646659526973962784e-03,-2.546682022511959076e-02,1.779310032725334167e-02,-6.848379969596862793e-03,-7.242085784673690796e-02,-4.328916594386100769e-02,-5.253516882658004761e-02,3.690997883677482605e-02,-2.705311216413974762e-02,-3.087626956403255463e-02,1.327555277384817600e-03,9.781197458505630493e-02,-3.151574358344078064e-02,3.415891900658607483e-02,-5.739814136177301407e-03,5.971152707934379578e-02
7.409839332103729248e-02,4.583465680480003357e-02,-7.591275870800018311e-02,-6.441824138164520264e-03,-2.899247594177722931e-02,7.000020891427993774e-02,-1.790862902998924255e-02,-1.676625758409500122e-02,2.211694791913032532e-02,4.882545396685600281e-02,3.411465510725975037e-02,1.880347169935703278e-02,4.386543855071067810e-02,-5.371529143303632736e-03,5.905149504542350769e-02,-3.212726116180419922e-02,7.599530369043350220e-02,3.074577637016773224e-02,1.845801249146461487e-02,4.984475206583738327e-03,-3.056108951568603516e-02,-4.159659147262573242e-02,-2.996148727834224701e-02,-8.019620552659034729e-03,-1.162952836602926254e-02,6.086675077676773071e-02,-4.322698339819908142e-03,-3.232446312904357910e-02,-1.437872275710105896e-02,7.659630477428436279e-02
4.192423820495605469e-02,-2.374536357820034027e-02,1.346910651773214340e-02,-3.744867071509361267e-02,-6.803373247385025024e-02,1.993054337799549103e-02,2.616888284683227539e-02,-4.435301292687654495e-03,-1.308220811188220978e-02,-1.056790724396705627e-02,-1.214955653995275497e-02,-2.420182526111602783e-02,-1.107154693454504013e-02,-5.920823197811841965e-03,3.002913296222686768e-02,-4.139837622642517090e-02,1.205950416624546051e-02,3.762892261147499084e-02,4.270174726843833923e-02,8.160154335200786591e-03,-2.331105293706059456e-03,3.888252004981040955e-02,3.226764500141143799e-02,-8.913236670196056366e-03,2.299317158758640289e-02,9.471119195222854614e-02,-3.426704928278923035e-02,-6.490296125411987305e-02,2.896135672926902771e-02,5.806348100304603577e-02
3.334323316812515259e-02,4.556243075057864189e-04,-3.452343866229057312e-02,-6.677535921335220337e-02,-5.934273079037666321e-02,3.164394199848175049e-02,2.080480568110942841e-02,5.181026831269264221e-02,-7.373082637786865234e-02,-5.715407431125640869e-02,-3.754478320479393005e-02,-3.388182073831558228e-02,-2.259887987747788429e-03,-3.027924150228500366e-02,4.739141836762428284e-02,-1.015899609774351120e-02,-7.678458932787179947e-03,1.627502613700926304e-03,4.414013400673866272e-02,7.195746991783380508e-03,5.957536771893501282e-02,5.925875902175903320e-02,3.479438275098800659e-02,-4.909527674317359924e-02,8.054099977016448975e-02,7.305671274662017822e-02,-3.263824433088302612e-02,-4.614357650279998779e-02,4.248137772083282471e-02,3.949695080518722534e-02
-1.853407593443989754e-04,-5.532047897577285767e-02,5.754843726754188538e-02,-6.162251904606819153e-02,-5.563971027731895447e-02,6.552850455045700073e-02,6.276658922433853149e-02,-6.369777955114841461e-03,5.461649969220161438e-02,-5.700491741299629211e-02,-2.863314934074878693e-02,2.674992755055427551e-02,2.675041370093822479e-02,-3.655910119414329529e-02,2.935693040490150452e-02,-4.661448672413825989e-02,5.972144007682800293e-02,2.904205815866589546e-03,4.033710435032844543e-02,1.096132397651672363e-02,-1.107284240424633026e-02,1.724953204393386841e-02,-1.526150666177272797e-02,1.916848123073577881e-02,3.103272290900349617e-03,3.973560233134776354e-04,-5.297038331627845764e-02,-1.734836399555206299e-02,4.928665235638618469e-02,-1.930375397205352783e-02
5.995342880487442017e-02,9.851315058767795563e-03,6.594079080969095230e-03,3.149381605908274651e-03,-6.159746553748846054e-03,5.035861581563949585e-02,6.079115346074104309e-02,1.910598203539848328e-02,5.057472735643386841e-02,-6.698246300220489502e-02,3.162742033600807190e-02,-1.799701899290084839e-02,-1.748324371874332428e-02,7.964659482240676880e-03,6.318793445825576782e-02,-2.408880926668643951e-02,6.988578289747238159e-02,-3.196259215474128723e-02,-1.124327816069126129e-02,-2.395839057862758636e-02,-1.896929182112216949e-02,3.658963739871978760e-02,-6.528741121292114258e-02,-4.630821570754051208e-02,-4.812062159180641174e-02,-3.656106814742088318e-02,-8.053001016378402710e-02,9.544683620333671570e-03,7.692507002502679825e-03,-2.510134503245353699e-02
3.172032162547111511e-02,-5.347562208771705627e-02,-5.277892109006643295e-03,-3.858182206749916077e-02,-4.580218717455863953e-02,8.305304497480392456e-02,7.474241405725479126e-02,-1.327263657003641129e-02,-4.615950211882591248e-02,7.817202247679233551e-03,-2.963672392070293427e-02,-5.314566195011138916e-02,-5.419091880321502686e-02,-5.586126074194908142e-02,4.536690562963485718e-02,-2.491009421646595001e-02,2.021099999547004700e-02,1.479757949709892273e-02,2.425288595259189606e-02,6.978024542331695557e-02,1.396331586875021458e-03,4.144424572587013245e-03,-2.249960228800773621e-02,-4.296749830245971680e-02,-6.175476126372814178e-03,-2.494388446211814880e-02,-8.709580451250076294e-02,-3.476038202643394470e-02,1.378099434077739716e-03,-7.758479565382003784e-02
3.434250503778457642e-02,-8.816050365567207336e-03,2.129972353577613831e-02,-1.062393188476562500e-03,-6.965822726488113403e-02,1.165212392807006836e-01,1.068860385566949844e-02,-5.434847995638847351e-02,4.976570978760719299e-02,-1.597727276384830475e-02,5.489779263734817505e-02,-6.864866241812705994e-03,1.518061384558677673e-02,2.193375304341316223e-02,1.518995687365531921e-02,4.392409697175025940e-02,5.815770849585533142e-02,-3.127644583582878113e-02,-9.461722336709499359e-03,-5.025789141654968262e-03,1.818019710481166840e-02,3.029979392886161804e-02,-7.223368436098098755e-02,-5.224604159593582153e-02,-3.658371046185493469e-02,-1.892800070345401764e-02,-4.731691256165504456e-02,6.122138351202011108e-02,-6.096666678786277771e-02,1.860070042312145233e-02
4.989571869373321533e-03,-1.919423229992389679e-02,-4.642113670706748962e-02,3.280295524746179581e-03,-6.612619012594223022e-02,4.772111400961875916e-02,-1.329681463539600372e-02,-3.708338737487792969e-02,-1.456474885344505310e-02,-9.934302419424057007e-02,9.185437113046646118e-02,2.506185322999954224e-02,-6.043886393308639526e-02,-1.433051098138093948e-02,-8.579297922551631927e-03,-2.686779014766216278e-02,7.786050438880920410e-03,-8.177767507731914520e-03,-1.871565356850624084e-02,2.785295620560646057e-02,4.732974618673324585e-02,2.434368059039115906e-02,-6.373752653598785400e-02,3.798174485564231873e-02,3.724450618028640747e-02,4.515169560909271240e-02,-3.371663764119148254e-02,1.327738072723150253e-02,1.252827700227499008e-02,-4.861005395650863647e-02
-2.854836732149124146e-02,-4.569217190146446228e-02,2.103862352669239044e-02,-4.393971338868141174e-02,-2.666197344660758972e-02,7.132753729820251465e-02,-3.897713124752044678e-02,4.824998322874307632e-03,4.550027102231979370e-02,-7.802560180425643921e-02,7.918461412191390991e-02,-1.541297789663076401e-02,-7.378101348876953125e-02,3.354473412036895752e-02,-1.081240084022283554e-02,-1.733398996293544769e-02,-2.288591302931308746e-02,-2.423522062599658966e-02,-4.473863914608955383e-02,8.062572032213211060e-02,2.150751091539859772e-02,2.818265743553638458e-02,-7.282362878322601318e-02,2.194757107645273209e-03,-1.212424249388277531e-04,-8.262661285698413849e-03,2.407443523406982422e-02,4.156424105167388916e-02,-8.159208111464977264e-03,-4.522066097706556320e-03
4.467022791504859924e-02,2.301285276189446449e-03,5.777561664581298828e-02,-2.074565924704074860e-02,1.304856315255165100e-02,8.099652081727981567e-02,-2.558877132833003998e-02,1.811075024306774139e-02,1.451945211738348007e-02,-3.776291012763977051e-02,9.154036641120910645e-02,-1.460010278970003128e-02,-6.796967983245849609e-02,-2.883471548557281494e-02,-1.803152635693550110e-02,2.219266816973686218e-02,-4.021955654025077820e-02,-3.559840470552444458e-02,-2.539224363863468170e-02,4.943558201193809509e-02,-7.474129647016525269e-02,5.907338857650756836e-02,-3.432297706604003906e-02,4.859237745404243469e-02,-6.031781435012817383e-02,-4.922341182827949524e-02,4.135202616453170776e-02,5.697482079267501831e-02,5.351934954524040222e-02,-6.779006682336330414e-03
-5.386210605502128601e-02,2.203507348895072937e-02,-2.446547523140907288e-02,-2.226899564266204834e-02,-1.674195937812328339e-02,7.112223654985427856e-02,-2.621763385832309723e-02,-2.470467612147331238e-02,4.554038867354393005e-02,2.853596210479736328e-02,8.003060519695281982e-02,-2.886754833161830902e-02,-4.791535437107086182e-02,-3.605781123042106628e-02,-2.465874888002872467e-02,-2.294200821779668331e-04,1.716709695756435394e-02,2.806915156543254852e-02,-4.543663933873176575e-02,8.790148794651031494e-02,-5.667401105165481567e-02,-2.710011601448059082e-02,-3.436725586652755737e-02,5.739004164934158325e-02,2.977492846548557281e-02,-1.013475209474563599e-01,-5.366327241063117981e-02,8.013933897018432617e-02,-4.759081453084945679e-02,3.139577340334653854e-03
